"Done","ID","Category","Tool name","Keywords","Description","Notes","Source name","Source slug","Source URL"
"[ ]","PDK-001","Data, formats, and files","JSON Formatter","json, format, validate","Reformat JSON and check its syntax.","","JSON Formatter","json-formatter","https://puredevkit.com/tools/json-formatter/"
"[ ]","PDK-002","Data, formats, and files","JSON to TypeScript / Zod","typescript, zod, schema","Derive types or schemas from JSON examples.","","JSON → TS","json-to-typescript","https://puredevkit.com/tools/json-to-typescript/"
"[ ]","PDK-003","Security, tokens, and signing","JWT Debugger","jwt, claims, expiry","Inspect token sections and expiration.","","JWT Debugger","jwt-debugger","https://puredevkit.com/tools/jwt-debugger/"
"[ ]","PDK-004","HTTP, networking, and web configuration","cURL → Code","curl, fetch, axios","Translate cURL requests into client code.","","cURL → Code","curl-to-code","https://puredevkit.com/tools/curl-to-code/"
"[ ]","PDK-005","Text, code, and localization","Regex Tester","regex, match, replace","Try patterns against text and inspect matches.","","Regex Tester","regex-tester","https://puredevkit.com/tools/regex-tester/"
"[ ]","PDK-006","Generators and test fixtures","UUID Generator","uuid, nanoid, api-key","Create identifiers and random API keys.","","UUID Generator","uuid-generator","https://puredevkit.com/tools/uuid-generator/"
"[ ]","PDK-007","Data, formats, and files","SQL Formatter","sql, postgres, mysql","Reindent queries for several SQL dialects.","","SQL Formatter","sql-formatter","https://puredevkit.com/tools/sql-formatter/"
"[ ]","PDK-008","Data, formats, and files","Base64 Studio","base64, encode, files","Transform text or file content using Base64.","","Base64 Studio","base64-converter","https://puredevkit.com/tools/base64-converter/"
"[ ]","PDK-009","Security, tokens, and signing","Hash Generator","hash, sha256, hmac","Calculate digests for text and files.","","Hash Generator","hash-generator","https://puredevkit.com/tools/hash-generator/"
"[ ]","PDK-010","Dates, time, and schedules","Unix Timestamp","epoch, timestamp, date","Translate epoch values into calendar dates.","","Unix Timestamp","unix-timestamp","https://puredevkit.com/tools/unix-timestamp/"
"[ ]","PDK-011","Data, formats, and files","YAML / JSON / TOML Converter","yaml, toml, json","Move data between three configuration formats.","","YAML / TOML","yaml-converter","https://puredevkit.com/tools/yaml-converter/"
"[ ]","PDK-012","Data, formats, and files","XML to JSON / XPath","xml, json, xpath","Transform XML data and evaluate XPath expressions.","","XML ↔ JSON","xml-converter","https://puredevkit.com/tools/xml-converter/"
"[ ]","PDK-013","Data, formats, and files","CSV / JSON Converter","csv, json, insert","Reshape CSV records and generate SQL inserts.","","CSV ↔ JSON","csv-converter","https://puredevkit.com/tools/csv-converter/"
"[ ]","PDK-014","Data, formats, and files","JSON Flatten","json, flatten, jsonpath","Expand or flatten objects and select nested values.","","JSON Flatten","json-flatten","https://puredevkit.com/tools/json-flatten/"
"[ ]","PDK-015","Data, formats, and files","JSON Schema Validator / Generator","json-schema, validation, inference","Check documents against schemas or infer a schema.","","JSON Schema","json-schema","https://puredevkit.com/tools/json-schema/"
"[ ]","PDK-016","Data, formats, and files","JSON Diff","json, compare, merge","Compare structured documents and combine objects.","","JSON Diff","json-diff","https://puredevkit.com/tools/json-diff/"
"[ ]","PDK-017","Data, formats, and files","JSONL Toolkit","jsonl, ndjson, sampling","Reorganize and sample line-delimited JSON records.","","JSONL","jsonl-converter","https://puredevkit.com/tools/jsonl-converter/"
"[ ]","PDK-018","Data, formats, and files","HTML ↔ MD","html, markdown, convert","Translate markup between HTML and Markdown.","","HTML ↔ MD","html-markdown","https://puredevkit.com/tools/html-markdown/"
"[ ]","PDK-019","Data, formats, and files","Environment File / JSON Converter","dotenv, json, config","Convert environment-variable files to structured JSON.","",".env ↔ JSON","env-converter","https://puredevkit.com/tools/env-converter/"
"[ ]","PDK-020","Data, formats, and files","Table Converter","tables, csv, markdown","Switch tabular content between markup and CSV.","","Tables","table-converter","https://puredevkit.com/tools/table-converter/"
"[ ]","PDK-021","Generators and test fixtures","ULID / KSUID","ulid, ksuid, identifiers","Create identifiers that sort chronologically.","","ULID / KSUID","ulid-generator","https://puredevkit.com/tools/ulid-generator/"
"[ ]","PDK-022","Data, formats, and files","Base32 / 58 / 85","base32, base58, ascii85","Transform content with alternative base encodings.","","Base32 / 58 / 85","base-encoder","https://puredevkit.com/tools/base-encoder/"
"[ ]","PDK-023","Security, tokens, and signing","AES-GCM","aes, encryption, pbkdf2","Encrypt data and recover it with AES-GCM.","","AES-GCM","aes-gcm","https://puredevkit.com/tools/aes-gcm/"
"[ ]","PDK-024","Security, tokens, and signing","TOTP / HOTP Generator","totp, hotp, otp","Prepare one-time-password codes and setup URIs.","","TOTP / HOTP","totp-generator","https://puredevkit.com/tools/totp-generator/"
"[ ]","PDK-025","Security, tokens, and signing","JWT Generator","jwt, hs256, signing","Create signed tokens from supplied claims.","","JWT Generator","jwt-generator","https://puredevkit.com/tools/jwt-generator/"
"[ ]","PDK-026","Security, tokens, and signing","Passphrase","passphrase, words, random","Build random multiword secrets.","","Passphrase","passphrase-generator","https://puredevkit.com/tools/passphrase-generator/"
"[ ]","PDK-027","Security, tokens, and signing","Check Digit Validator","luhn, isbn, check-digit","Check identifiers using checksum rules.","","Check digits","check-digit","https://puredevkit.com/tools/check-digit/"
"[ ]","PDK-028","Security, tokens, and signing","Secret Redactor","redaction, secrets, masking","Hide common credential patterns in pasted text.","","Redactor","secret-redactor","https://puredevkit.com/tools/secret-redactor/"
"[ ]","PDK-029","Security, tokens, and signing","PKCE / OAuth","oauth, pkce, s256","Prepare authorization parameters without exchanging tokens.","","PKCE / OAuth","pkce-builder","https://puredevkit.com/tools/pkce-builder/"
"[ ]","PDK-030","Security, tokens, and signing","CRC32","crc32, checksum, files","Compute CRC checksums for supplied content.","","CRC32","crc-checksum","https://puredevkit.com/tools/crc-checksum/"
"[ ]","PDK-031","HTTP, networking, and web configuration","URL Toolkit","url, utm, slug","Inspect URL components and edit tracking parameters.","","URL tools","url-tools","https://puredevkit.com/tools/url-tools/"
"[ ]","PDK-032","HTTP, networking, and web configuration","HTTP Status Reference","status, headers, reference","Browse response-code and header information.","","HTTP status","http-status","https://puredevkit.com/tools/http-status/"
"[ ]","PDK-033","HTTP, networking, and web configuration","CORS Simulator","cors, origin, preflight","Model whether a cross-origin request is allowed.","","CORS","cors-simulator","https://puredevkit.com/tools/cors-simulator/"
"[ ]","PDK-034","HTTP, networking, and web configuration","Cookie builder","cookies, cache-control, headers","Assemble cookie and caching header values.","","Cookie builder","cookie-builder","https://puredevkit.com/tools/cookie-builder/"
"[ ]","PDK-035","Security, tokens, and signing","Webhook HMAC","webhook, hmac, signatures","Create or check signatures for webhook payloads.","","Webhook HMAC","webhook-signer","https://puredevkit.com/tools/webhook-signer/"
"[ ]","PDK-036","HTTP, networking, and web configuration","MIME Type Detector","mime, bytes, file-type","Infer file types from binary signatures.","","MIME detect","mime-detect","https://puredevkit.com/tools/mime-detect/"
"[ ]","PDK-037","HTTP, networking, and web configuration","robots.txt","robots, sitemap, security-txt","Prepare crawler and disclosure-file templates.","","robots.txt","robots-txt","https://puredevkit.com/tools/robots-txt/"
"[ ]","PDK-038","HTTP, networking, and web configuration","User-Agent Parser","user-agent, browser, device","Interpret client software and device identifiers.","","User-Agent","user-agent","https://puredevkit.com/tools/user-agent/"
"[ ]","PDK-039","Text, code, and localization","Case converter","case, slug, accents","Change naming conventions and normalize accents.","","Case converter","case-converter","https://puredevkit.com/tools/case-converter/"
"[ ]","PDK-040","Text, code, and localization","Text diff","diff, patch, compare","Compare text and apply unified patches.","","Text diff","text-diff","https://puredevkit.com/tools/text-diff/"
"[ ]","PDK-041","Text, code, and localization","Line toolkit","lines, deduplicate, sort","Reorder, filter, and clean lists of lines.","","Line toolkit","line-toolkit","https://puredevkit.com/tools/line-toolkit/"
"[ ]","PDK-042","Text, code, and localization","Word counter","words, characters, reading-time","Measure text length and approximate reading duration.","","Word counter","word-counter","https://puredevkit.com/tools/word-counter/"
"[ ]","PDK-043","Text, code, and localization","Semantic Version Toolkit","semver, versions, ranges","Inspect versions, increment them, and evaluate ranges.","","Semver","semver-tool","https://puredevkit.com/tools/semver-tool/"
"[ ]","PDK-044","Text, code, and localization","gitignore","gitignore, templates, git","Combine ignore rules for selected development stacks.","","gitignore","gitignore-generator","https://puredevkit.com/tools/gitignore-generator/"
"[ ]","PDK-045","Text, code, and localization","Unicode Inspector","unicode, utf8, normalization","Inspect characters, encodings, and normalization forms.","","Unicode","unicode-inspector","https://puredevkit.com/tools/unicode-inspector/"
"[ ]","PDK-046","Text, code, and localization","Email syntax","email, syntax, validation","Check address structure without verifying mailbox existence.","","Email syntax","email-validator","https://puredevkit.com/tools/email-validator/"
"[ ]","PDK-047","Data, formats, and files","SQL INSERT / COPY Generator","sql, insert, postgres-copy","Turn structured rows into database import statements.","","JSON → INSERT","sql-insert","https://puredevkit.com/tools/sql-insert/"
"[ ]","PDK-048","Data, formats, and files","Connection String Parser","database, connection-string, parser","Inspect connection URLs without opening database connections.","","Connection string","connection-string","https://puredevkit.com/tools/connection-string/"
"[ ]","PDK-049","Dates, time, and schedules","Cron Builder / Explainer","cron, schedule, next-run","Build schedules and preview their execution dates.","","Cron","cron-explained","https://puredevkit.com/tools/cron-explained/"
"[ ]","PDK-050","Dates, time, and schedules","Time Zone Explorer","timezone, iana, clocks","Compare current times across named time zones.","","Time zones","timezone-explorer","https://puredevkit.com/tools/timezone-explorer/"
"[ ]","PDK-051","Generators and test fixtures","Fake Data Generator","fixtures, people, fake-data","Create fictional person records for tests.","","Fake data","fake-data","https://puredevkit.com/tools/fake-data/"
"[ ]","PDK-052","Generators and test fixtures","Lorem","lorem, paragraphs, placeholders","Produce filler paragraphs in multiple markup formats.","","Lorem","lorem-ipsum","https://puredevkit.com/tools/lorem-ipsum/"
"[ ]","PDK-053","Generators and test fixtures","REST Fixture Generator","rest, fixtures, json","Create example API records; no hosted endpoint implied.","","Dummy REST","dummy-rest","https://puredevkit.com/tools/dummy-rest/"
"[ ]","PDK-054","Generators and test fixtures","Webhook Fixture Generator","webhook, fixtures, payload","Prepare example event bodies for provider integrations.","","Dummy webhooks","dummy-webhooks","https://puredevkit.com/tools/dummy-webhooks/"
"[ ]","PDK-055","Generators and test fixtures","Payment Test Data","payments, sandbox, test-cards","Browse sample payment credentials intended for testing.","","Test cards","test-cards","https://puredevkit.com/tools/test-cards/"
"[ ]","PDK-056","Generators and test fixtures","Dummy File Generator","files, bytes, download","Produce downloadable files of a chosen byte size.","","Dummy files","dummy-files","https://puredevkit.com/tools/dummy-files/"
"[ ]","PDK-057","Images, icons, and design","Placeholder Image Generator","placeholder, dimensions, png","Create blank sample images with chosen dimensions.","","Placeholder","placeholder-image","https://puredevkit.com/tools/placeholder-image/"
"[ ]","PDK-058","Images, icons, and design","QR Code Generator","qr, wifi, vcard","Create styled QR images for supported payload types.","","QR Code Generator","qr-code","https://puredevkit.com/tools/qr-code/"
"[ ]","PDK-059","Images, icons, and design","Color / contrast","color, hex, contrast","Convert color values and calculate contrast.","","Color / contrast","color-tools","https://puredevkit.com/tools/color-tools/"
"[ ]","PDK-060","Data, formats, and files","ZIP Toolkit","zip, archive, files","Create archives or inspect their file listings.","","ZIP","zip-tools","https://puredevkit.com/tools/zip-tools/"
"[ ]","PDK-061","Data, formats, and files","INI / Properties / JSON5 Converter","ini, properties, json5","Translate common configuration-file syntaxes.","","INI / JSON5","ini-converter","https://puredevkit.com/tools/ini-converter/"
"[ ]","PDK-062","Data, formats, and files","GraphQL","graphql, format, fetch","Format operations and prepare request snippets.","","GraphQL","graphql-formatter","https://puredevkit.com/tools/graphql-formatter/"
"[ ]","PDK-063","Data, formats, and files","DynamoDB JSON","dynamodb, attributevalue, json","Translate DynamoDB attribute maps to ordinary JSON.","","DynamoDB JSON","dynamodb-json","https://puredevkit.com/tools/dynamodb-json/"
"[ ]","PDK-064","HTTP, networking, and web configuration","OpenAPI Request Snippets","openapi, curl, fetch","Generate request examples from an API specification.","","OpenAPI","openapi-snippets","https://puredevkit.com/tools/openapi-snippets/"
"[ ]","PDK-065","Data, formats, and files","Hex dump","hex, binary, utf8","Inspect bytes in hexadecimal or decode hexadecimal text.","","Hex dump","hex-dump","https://puredevkit.com/tools/hex-dump/"
"[ ]","PDK-066","Security, tokens, and signing","RSA / ECDSA","rsa, ecdsa, signatures","Create asymmetric keys and sign supplied content.","","RSA / ECDSA","rsa-keys","https://puredevkit.com/tools/rsa-keys/"
"[ ]","PDK-067","Security, tokens, and signing","PEM / JWK","pem, jwk, ssh","Convert key representations and export RSA SSH material.","","PEM / JWK","pem-jwk","https://puredevkit.com/tools/pem-jwk/"
"[ ]","PDK-068","Security, tokens, and signing","Password Hash / KDF Toolkit","pbkdf2, bcrypt, htpasswd","Derive password hashes using supported schemes.","","Password KDF","pbkdf2-password","https://puredevkit.com/tools/pbkdf2-password/"
"[ ]","PDK-069","HTTP, networking, and web configuration","Code → cURL","fetch, axios, curl","Translate supported client snippets into cURL requests.","","Code → cURL","code-to-curl","https://puredevkit.com/tools/code-to-curl/"
"[ ]","PDK-070","HTTP, networking, and web configuration","Raw HTTP Parser","raw-http, parser, fetch","Interpret HTTP messages and produce request code.","","Raw HTTP","raw-http","https://puredevkit.com/tools/raw-http/"
"[ ]","PDK-071","HTTP, networking, and web configuration","CSP Generator","csp, isolation, headers","Compose browser content restrictions and isolation headers.","","CSP","csp-generator","https://puredevkit.com/tools/csp-generator/"
"[ ]","PDK-072","HTTP, networking, and web configuration","HTTP Request Composer","http, request, composer","Draft request messages without transmitting them.","","HTTP composer","http-composer","https://puredevkit.com/tools/http-composer/"
"[ ]","PDK-073","HTTP, networking, and web configuration","Authorization Header Builder","authorization, basic, bearer","Prepare authorization headers and a Digest example.","","Auth headers","auth-headers","https://puredevkit.com/tools/auth-headers/"
"[ ]","PDK-074","HTTP, networking, and web configuration","Rate Limit Header Parser","retry-after, rate-limit, headers","Interpret throttling metadata and retry timing.","","Rate limit","rate-limit-parser","https://puredevkit.com/tools/rate-limit-parser/"
"[ ]","PDK-075","HTTP, networking, and web configuration","DNS Record Builder","dns, records, zone","Draft record values without performing DNS queries.","","DNS builder","dns-builder","https://puredevkit.com/tools/dns-builder/"
"[ ]","PDK-076","HTTP, networking, and web configuration","SPF / DMARC Builder","spf, dmarc, dkim","Prepare email-policy records and a DKIM stub.","","SPF / DMARC","spf-dmarc","https://puredevkit.com/tools/spf-dmarc/"
"[ ]","PDK-077","HTTP, networking, and web configuration","Mobile App Association Builder","aasa, assetlinks, mobile","Build website-to-app association configuration files.","","App links","assetlinks","https://puredevkit.com/tools/assetlinks/"
"[ ]","PDK-078","HTTP, networking, and web configuration","Cloudflare Pages Configuration","cloudflare, headers, redirects","Prepare Pages header and redirect configuration.","","CF _headers","cloudflare-headers","https://puredevkit.com/tools/cloudflare-headers/"
"[ ]","PDK-079","Security, tokens, and signing","AWS SigV4","aws, sigv4, hmac","Construct AWS signing inputs without contacting AWS.","","AWS SigV4","aws-sigv4","https://puredevkit.com/tools/aws-sigv4/"
"[ ]","PDK-080","Text, code, and localization","String Similarity Calculator","similarity, levenshtein, dice","Measure resemblance between two strings.","","Similarity","string-similarity","https://puredevkit.com/tools/string-similarity/"
"[ ]","PDK-081","Text, code, and localization","Phone Number Parser","phone, formatting, international","Interpret phone numbers without checking their carriers.","","Phone","phone-parser","https://puredevkit.com/tools/phone-parser/"
"[ ]","PDK-082","Text, code, and localization","Internationalization Playground","intl, locale, plural","Preview locale-aware number and language formatting.","","Intl","intl-playground","https://puredevkit.com/tools/intl-playground/"
"[ ]","PDK-083","Text, code, and localization","Line endings","crlf, lf, bom","Normalize newline conventions and byte-order marks.","","Line endings","line-endings","https://puredevkit.com/tools/line-endings/"
"[ ]","PDK-084","Text, code, and localization","ANSI HTML","ansi, terminal, html","Render terminal color sequences as HTML.","","ANSI HTML","ansi-html","https://puredevkit.com/tools/ansi-html/"
"[ ]","PDK-085","Text, code, and localization","SPDX License Reference","spdx, license, template","Look up license identifiers and draft file stubs.","","SPDX","spdx-license","https://puredevkit.com/tools/spdx-license/"
"[ ]","PDK-086","Text, code, and localization","Conventional Commit Builder","git, commits, conventional","Compose commit messages with structured metadata.","","Commits","conventional-commit","https://puredevkit.com/tools/conventional-commit/"
"[ ]","PDK-087","Text, code, and localization","Localization String Converter","i18n, arb, gettext","Translate string resources between localization formats.","","i18n strings","i18n-strings","https://puredevkit.com/tools/i18n-strings/"
"[ ]","PDK-088","Dates, time, and schedules","Excel Date Converter","excel, serial-date, iso8601","Translate spreadsheet date numbers into ISO dates.","","Excel date","excel-date","https://puredevkit.com/tools/excel-date/"
"[ ]","PDK-089","Dates, time, and schedules","ISO Duration / Interval Calculator","duration, iso8601, interval","Interpret durations and compare interval overlap.","","ISO duration","iso-duration","https://puredevkit.com/tools/iso-duration/"
"[ ]","PDK-090","Dates, time, and schedules","Business Day / SLO Calculator","weekdays, business-days, slo","Calculate weekday spans and service error budgets.","","Business days","business-days","https://puredevkit.com/tools/business-days/"
"[ ]","PDK-091","Dates, time, and schedules","Cron to systemd OnCalendar","systemd, cron, oncalendar","Translate cron schedules into systemd timer expressions.","","OnCalendar","cron-oncalendar","https://puredevkit.com/tools/cron-oncalendar/"
"[ ]","PDK-092","Generators and test fixtures","Dummy logs","logs, syslog, fixtures","Create sample entries in common logging formats.","","Dummy logs","dummy-logs","https://puredevkit.com/tools/dummy-logs/"
"[ ]","PDK-093","Generators and test fixtures","Dummy CSV","csv, fixtures, importer","Produce fictional tabular records for import tests.","","Dummy CSV","dummy-csv","https://puredevkit.com/tools/dummy-csv/"
"[ ]","PDK-094","Generators and test fixtures","ICS / vCard Generator","ics, vcard, calendar","Draft a calendar event or contact file.","","ICS / vCard","dummy-ics","https://puredevkit.com/tools/dummy-ics/"
"[ ]","PDK-095","Generators and test fixtures","Environment File Templates","dotenv, templates, config","Create sample environment files for selected stacks.","","Dummy .env","dummy-env","https://puredevkit.com/tools/dummy-env/"
"[ ]","PDK-096","Generators and test fixtures","India fixtures","pan, gstin, ifsc","Inspect Indian identifier formats using sample values.","","India fixtures","india-fixtures","https://puredevkit.com/tools/india-fixtures/"
"[ ]","PDK-097","Generators and test fixtures","Unicode Edge-Case Generator","unicode, rtl, edge-cases","Produce difficult character sequences for input testing.","","Unicode torture","unicode-torture","https://puredevkit.com/tools/unicode-torture/"
"[ ]","PDK-098","Generators and test fixtures","Problem JSON Generator","problem-json, errors, rfc7807","Prepare a structured HTTP error document.","","problem+json","rfc7807","https://puredevkit.com/tools/rfc7807/"
"[ ]","PDK-099","Images, icons, and design","Identicon Generator","identicon, avatar, seed","Derive a repeatable avatar image from a seed.","","Identicon","identicon","https://puredevkit.com/tools/identicon/"
"[ ]","PDK-100","Images, icons, and design","Image Resizer","resize, dimensions, canvas","Change image dimensions and export the result.","","Resize","image-resize","https://puredevkit.com/tools/image-resize/"
"[ ]","PDK-101","Images, icons, and design","Image Format Converter","png, jpeg, webp","Re-encode images in a selected output format.","","Image convert","image-convert","https://puredevkit.com/tools/image-convert/"
"[ ]","PDK-102","Text, code, and localization","Markdown preview","markdown, preview, toc","Render Markdown and derive a heading index.","","Markdown preview","markdown-preview","https://puredevkit.com/tools/markdown-preview/"
"[ ]","PDK-103","HTTP, networking, and web configuration","Meta tags","seo, opengraph, jsonld","Draft page metadata and social-sharing tags.","","Meta tags","meta-tags","https://puredevkit.com/tools/meta-tags/"
"[ ]","PDK-104","Text, code, and localization","CSS Units / Typography Calculator","css, rem, clamp","Calculate relative lengths and responsive typography.","","CSS units","css-units","https://puredevkit.com/tools/css-units/"
"[ ]","PDK-105","HTTP, networking, and web configuration","Web App Manifest Builder","pwa, manifest, icons","Prepare installation metadata for a web application.","","Web manifest","pwa-manifest","https://puredevkit.com/tools/pwa-manifest/"
"[ ]","PDK-106","HTTP, networking, and web configuration","IPv4 CIDR Calculator","ipv4, cidr, subnet","Calculate address ranges and subnet membership.","","CIDR","cidr-calculator","https://puredevkit.com/tools/cidr-calculator/"
"[ ]","PDK-107","Data, formats, and files","Gzip / Deflate Toolkit","gzip, deflate, compression","Compress byte content or recover compressed data.","","gzip","gzip-tools","https://puredevkit.com/tools/gzip-tools/"
"[ ]","PDK-108","HTTP, networking, and web configuration","Deep links","intent, deep-link, schemes","Compose mobile launch links and associated configuration.","","Deep links","deep-link","https://puredevkit.com/tools/deep-link/"
"[ ]","PDK-109","Text, code, and localization","Currency Formatter","currency, intl, iso4217","Preview localized monetary amounts.","","Money","money-format","https://puredevkit.com/tools/money-format/"
"[ ]","PDK-110","Text, code, and localization","Log Formatter","logs, jsonl, logfmt","Normalize structured logs into readable objects.","","Log pretty","log-pretty","https://puredevkit.com/tools/log-pretty/"
"[ ]","PDK-111","Images, icons, and design","App Icon Generator","icons, ios, android","Create icon bundles for mobile and web apps.","","App icons","app-icon-generator","https://puredevkit.com/tools/app-icon-generator/"
"[ ]","PDK-112","Images, icons, and design","Image compressor","compression, target-size, photos","Reduce image file size toward a chosen target.","","Image compressor","image-compressor","https://puredevkit.com/tools/image-compressor/"
"[ ]","PDK-113","Images, icons, and design","Screenshot Studio","screenshots, devices, app-store","Compose store artwork using frames and text.","","Screenshot Studio","app-screenshot-generator","https://puredevkit.com/tools/app-screenshot-generator/"
"[ ]","PDK-114","File sharing","Peer-to-Peer File Transfer","webrtc, sharing, qr","Pair devices for direct browser-to-browser file transfers.","","P2P file transfer","p2p-file-transfer","https://puredevkit.com/tools/p2p-file-transfer/"
